Campaign,Ad Group,Keyword,Match Type,Headline 1,Headline 2,Headline 3,Headline 4,Headline 5,Headline 6,Headline 7,Headline 8,Headline 9,Headline 10,Headline 11,Headline 12,Headline 13,Headline 14,Headline 15,Description 1,Description 2,Description 3,Description 4,Final URL,Path 1,Path 2
Agent AI Development Campaign,Brand/Solution Focused,[agent ai development],Exact,,,,,,,,,,,,,,,,,,,,,,,
Agent AI Development Campaign,Brand/Solution Focused,[ai workflow automation],Exact,,,,,,,,,,,,,,,,,,,,,,,
Agent AI Development Campaign,Brand/Solution Focused,[automate workflows],Exact,,,,,,,,,,,,,,,,,,,,,,,
Agent AI Development Campaign,Brand/Solution Focused,[luby software],Exact,,,,,,,,,,,,,,,,,,,,,,,
Agent AI Development Campaign,Brand/Solution Focused,[ai agents],Exact,,,,,,,,,,,,,,,,,,,,,,,
Agent AI Development Campaign,Brand/Solution Focused,[ai solutions],Exact,,,,,,,,,,,,,,,,,,,,,,,
Agent AI Development Campaign,Brand/Solution Focused,[workflow agents],Exact,,,,,,,,,,,,,,,,,,,,,,,
Agent AI Development Campaign,Brand/Solution Focused,[ai development services],Exact,,,,,,,,,,,,,,,,,,,,,,,
Agent AI Development Campaign,Brand/Solution Focused,[intelligent agents],Exact,,,,,,,,,,,,,,,,,,,,,,,
Agent AI Development Campaign,Brand/Solution Focused,[business automation],Exact,,,,,,,,,,,,,,,,,,,,,,,
Agent AI Development Campaign,Brand/Solution Focused,,,AI Agents That Deliver,Automate Workflows Safely,Luby AI Development,Reliable AI Solutions,Control Your AI Agents,Tailored Agent Design,Agent Readiness Assessments,Build Smart Workflows,Governance in AI,Production-Grade Reliability,Success Metrics Defined,AI for Modern Businesses,Elevate Your Operations,Transform Legacy Systems,Trusted AI Partner,Build AI agents that take action safely.,Automate workflows with real-time approvals.,Agent development with governance and control.,Get a reliable assessment for your needs.,https://landing.luby.co/agentic_ai_development,AI-Agents,Development
Agent AI Development Campaign,Pain Point Focused,[agent failures],Exact,,,,,,,,,,,,,,,,,,,,,,,
Agent AI Development Campaign,Pain Point Focused,[workflow control issues],Exact,,,,,,,,,,,,,,,,,,,,,,,
Agent AI Development Campaign,Pain Point Focused,[data exposure risks],Exact,,,,,,,,,,,,,,,,,,,,,,,
Agent AI Development Campaign,Pain Point Focused,[integration problems],Exact,,,,,,,,,,,,,,,,,,,,,,,
Agent AI Development Campaign,Pain Point Focused,[hidden costs in automation],Exact,,,,,,,,,,,,,,,,,,,,,,,
Agent AI Development Campaign,Pain Point Focused,[latency issues AI],Exact,,,,,,,,,,,,,,,,,,,,,,,
Agent AI Development Campaign,Pain Point Focused,[audit trails for agents],Exact,,,,,,,,,,,,,,,,,,,,,,,
Agent AI Development Campaign,Pain Point Focused,[no ownership model],Exact,,,,,,,,,,,,,,,,,,,,,,,
Agent AI Development Campaign,Pain Point Focused,[trust in AI outcomes],Exact,,,,,,,,,,,,,,,,,,,,,,,
Agent AI Development Campaign,Pain Point Focused,[agent governance],Exact,,,,,,,,,,,,,,,,,,,,,,,
Agent AI Development Campaign,Pain Point Focused,,,Control Your AI Agents,Prevent Workflow Breaks,Secure Sensitive Data,Trust AI Outcomes,Reduce Integration Issues,Cut Hidden Costs,Low Latency Solutions,Audit Trails Matter,Ensure Ownership Model,Governance for Agents,Fix Agent Failures,Reliable Automation,Quality Metrics Defined,Transform Workflows,Safety in AI Actions,No more agent failures in workflows.,Control actions to reduce risks.,Protect data with strict permissions.,Get clarity and trust in AI outputs.,https://landing.luby.co/agentic_ai_development,Agent-Safety,Control
Agent AI Development Campaign,Competitor/Alternative Focused,[compare ai solutions],Exact,,,,,,,,,,,,,,,,,,,,,,,
Agent AI Development Campaign,Competitor/Alternative Focused,[best ai automation tools],Exact,,,,,,,,,,,,,,,,,,,,,,,
Agent AI Development Campaign,Competitor/Alternative Focused,[ai agent alternatives],Exact,,,,,,,,,,,,,,,,,,,,,,,
Agent AI Development Campaign,Competitor/Alternative Focused,[ai solutions comparison],Exact,,,,,,,,,,,,,,,,,,,,,,,
Agent AI Development Campaign,Competitor/Alternative Focused,[leading ai agents],Exact,,,,,,,,,,,,,,,,,,,,,,,
Agent AI Development Campaign,Competitor/Alternative Focused,[top automation services],Exact,,,,,,,,,,,,,,,,,,,,,,,
Agent AI Development Campaign,Competitor/Alternative Focused,[agent tools review],Exact,,,,,,,,,,,,,,,,,,,,,,,
Agent AI Development Campaign,Competitor/Alternative Focused,[evaluate ai agents],Exact,,,,,,,,,,,,,,,,,,,,,,,
Agent AI Development Campaign,Competitor/Alternative Focused,[ai technology options],Exact,,,,,,,,,,,,,,,,,,,,,,,
Agent AI Development Campaign,Competitor/Alternative Focused,[best automation platforms],Exact,,,,,,,,,,,,,,,,,,,,,,,
Agent AI Development Campaign,Competitor/Alternative Focused,,,Top AI Automation Tools,Luby vs Other Solutions,Best Agent Development,Evaluate AI Options,Reliable AI Alternatives,Trusted Automation Services,Smart Agent Solutions,Effective Workflow Agents,Modernize Your Business,Control Your Automation,AI Agent Comparisons,Discover Luby's Advantage,Transforming Legacy Systems,Secure and Governed Agents,Superior AI Development,Compare Luby AI with competitors.,Discover reliable automation services.,Find the best agent solutions for you.,Evaluate your options for success.,https://landing.luby.co/agentic_ai_development,Compare-Agents,Solutions
